"ID";"system_object_id";"Name";"NumberOfPersons";"global_id";"Year";"Month";
"1";"1";"Мария";"252";"37750254";"2015";"январь";
"2";"2";"Анастасия";"224";"37750255";"2015";"январь";
"3";"3";"Анна";"190";"37750256";"2015";"январь";
"4";"4";"Варвара";"190";"37750257";"2015";"январь";
"5";"5";"Виктория";"186";"37750258";"2015";"январь";
"6";"6";"Полина";"176";"62368403";"2015";"январь";
"7";"7";"Алиса";"175";"62368404";"2015";"январь";
"8";"8";"София";"172";"62368405";"2015";"январь";
"9";"9";"Елизавета";"165";"62368406";"2015";"январь";
"10";"10";"Дарья";"156";"62368407";"2015";"январь";
"11";"11";"Александра";"147";"62368408";"2015";"январь";
"12";"12";"Ксения";"146";"62368409";"2015";"январь";
"13";"13";"Екатерина";"118";"62368410";"2015";"январь";
"14";"14";"Арина";"112";"62368411";"2015";"январь";
"15";"15";"Софья";"103";"62368412";"2015";"январь";
"16";"16";"Милана";"101";"62368413";"2015";"январь";
"17";"17";"Вероника";"98";"62368414";"2015";"январь";
"18";"18";"Валерия";"97";"62368415";"2015";"январь";
"19";"19";"Василиса";"97";"62368416";"2015";"январь";
"20";"20";"Ева";"90";"62368417";"2015";"январь";
"21";"21";"Ульяна";"68";"62368418";"2015";"январь";
"22";"22";"Кира";"63";"62368419";"2015";"январь";
"23";"23";"Татьяна";"56";"62368420";"2015";"январь";
"24";"24";"Маргарита";"55";"62368421";"2015";"январь";
"25";"25";"Таисия";"55";"62368422";"2015";"январь";
"26";"26";"Алёна";"52";"62368423";"2015";"январь";
"27";"27";"Кристина";"48";"62368424";"2015";"январь";
"28";"28";"Алина";"48";"62368425";"2015";"январь";
"29";"29";"Ольга";"46";"62368426";"2015";"январь";
"30";"30";"Вера";"45";"62368427";"2015";"январь";
"31";"31";"Евгения";"42";"62368428";"2015";"январь";
"32";"32";"Юлия";"41";"62368429";"2015";"январь";
"33";"33";"Ангелина";"38";"62368430";"2015";"январь";
"34";"34";"Ирина";"36";"62368431";"2015";"январь";
"35";"35";"Мирослава";"35";"62368432";"2015";"январь";
"36";"36";"Амина";"34";"62368433";"2015";"январь";
"37";"37";"Злата";"32";"62368434";"2015";"январь";
"38";"38";"Диана";"31";"62368435";"2015";"январь";
"39";"39";"Элина";"28";"62368436";"2015";"январь";
"40";"40";"Эмилия";"27";"62368437";"2015";"январь";
"41";"41";"Майя";"23";"62368438";"2015";"январь";
"42";"42";"Марьям";"22";"62368439";"2015";"январь";
"43";"43";"Яна";"21";"62368440";"2015";"январь";
"44";"44";"Елена";"19";"62368441";"2015";"январь";
"45";"45";"Милена";"19";"62368443";"2015";"январь";
"46";"46";"Надежда";"18";"62368444";"2015";"январь";
"47";"47";"Ника";"17";"62368445";"2015";"январь";
"48";"48";"Сафия";"16";"62368446";"2015";"январь";
"49";"49";"Дарина";"16";"62368448";"2015";"январь";
"50";"50";"Ясмина";"15";"62368449";"2015";"январь";
"51";"51";"Антонина";"15";"62368450";"2015";"январь";
"52";"52";"Марина";"14";"62368452";"2015";"январь";
"53";"53";"Николь";"14";"62368453";"2015";"январь";
"54";"54";"Агата";"14";"62368454";"2015";"январь";
"55";"55";"Карина";"13";"62368455";"2015";"январь";
"56";"56";"Камилла";"13";"62368456";"2015";"январь";
"57";"57";"Стефания";"13";"62368457";"2015";"январь";
"58";"58";"Есения";"13";"62368458";"2015";"январь";
"59";"59";"Нина";"13";"62368459";"2015";"январь";
"60";"60";"Наталья";"12";"62368460";"2015";"январь";
"61";"61";"Олеся";"12";"62368461";"2015";"январь";
"62";"62";"Ариана";"11";"62368462";"2015";"январь";
"63";"63";"Светлана";"11";"62368463";"2015";"январь";
"64";"64";"Мадина";"11";"62368464";"2015";"январь";
"65";"65";"Евангелина";"11";"62368465";"2015";"январь";
"66";"66";"Аделина";"11";"62368466";"2015";"январь";
"67";"67";"Мелания";"11";"62368467";"2015";"январь";
"68";"68";"Камила";"10";"62368468";"2015";"январь";
"69";"69";"Анжелика";"10";"62368469";"2015";"январь";
"70";"70";"Малика";"9";"62368470";"2015";"январь";
"71";"71";"Амелия";"9";"62368471";"2015";"январь";
"72";"72";"Фатима";"9";"62368472";"2015";"январь";
"73";"73";"Серафима";"9";"62368473";"2015";"январь";
"74";"74";"Каролина";"9";"62368474";"2015";"январь";
"75";"75";"Снежана";"8";"62368476";"2015";"январь";
"76";"76";"Ярослава";"8";"62368477";"2015";"январь";
"77";"77";"Аиша";"8";"62368478";"2015";"январь";
"78";"78";"Адель";"8";"62368479";"2015";"январь";
"79";"79";"Лидия";"8";"62368480";"2015";"январь";
"80";"80";"Владислава";"8";"62368481";"2015";"январь";
"81";"81";"Зоя";"8";"62368482";"2015";"январь";
"82";"82";"Марьяна";"8";"62368483";"2015";"январь";
"83";"83";"Валентина";"8";"62368484";"2015";"январь";
"84";"84";"Лилия";"8";"62368485";"2015";"январь";
"85";"85";"Станислава";"8";"62368486";"2015";"январь";
"86";"86";"Эвелина";"8";"62368487";"2015";"январь";
"87";"87";"Любовь";"7";"62368488";"2015";"январь";
"88";"88";"Амалия";"7";"62368489";"2015";"январь";
"89";"89";"Даниэла";"7";"62368490";"2015";"январь";
"90";"90";"Людмила";"7";"62368491";"2015";"январь";
"91";"91";"Алеся";"7";"62368492";"2015";"январь";
"92";"92";"Тамара";"7";"62368493";"2015";"январь";
"93";"93";"Ясмин";"7";"62368494";"2015";"январь";
"94";"94";"Мила";"7";"62368495";"2015";"январь";
"95";"95";"Анфиса";"7";"62368496";"2015";"январь";
"96";"96";"Агния";"7";"62368497";"2015";"январь";
"97";"97";"Альбина";"7";"62368498";"2015";"январь";
"98";"98";"Мелисса";"6";"62368499";"2015";"январь";
"99";"99";"Алисия";"6";"62368500";"2015";"январь";
"100";"100";"Алия";"6";"62368501";"2015";"январь";
"101";"101";"Мария";"286";"62368503";"2015";"февраль";
"102";"102";"Анастасия";"215";"62368504";"2015";"февраль";
"103";"103";"Анна";"202";"62368505";"2015";"февраль";
"104";"104";"Ксения";"201";"62368506";"2015";"февраль";
"105";"105";"Виктория";"173";"62368507";"2015";"февраль";
"106";"106";"София";"170";"62368508";"2015";"февраль";
"107";"107";"Елизавета";"169";"62368509";"2015";"февраль";
"108";"108";"Алиса";"168";"62368510";"2015";"февраль";
"109";"109";"Дарья";"161";"62368511";"2015";"февраль";
"110";"110";"Полина";"161";"62368512";"2015";"февраль";
"111";"111";"Александра";"135";"62368513";"2015";"февраль";
"112";"112";"Варвара";"130";"62368514";"2015";"февраль";
"113";"113";"Екатерина";"129";"62368515";"2015";"февраль";
"114";"114";"Арина";"115";"62368516";"2015";"февраль";
"115";"115";"Василиса";"110";"62368517";"2015";"февраль";
"116";"116";"Вероника";"97";"62368518";"2015";"февраль";
"117";"117";"Валерия";"93";"62368519";"2015";"февраль";
"118";"118";"Милана";"90";"62368520";"2015";"февраль";
"119";"119";"Софья";"86";"62368521";"2015";"февраль";
"120";"120";"Ева";"82";"62368522";"2015";"февраль";
"121";"121";"Татьяна";"64";"62368523";"2015";"февраль";
"122";"122";"Кира";"60";"62368524";"2015";"февраль";
"123";"123";"Ульяна";"58";"62368525";"2015";"февраль";
"124";"124";"Алина";"54";"62368526";"2015";"февраль";
"125";"125";"Алёна";"52";"62368527";"2015";"февраль";
"126";"126";"Маргарита";"50";"62368528";"2015";"февраль";
"127";"127";"Таисия";"49";"62368529";"2015";"февраль";
"128";"128";"Ольга";"48";"62368530";"2015";"февраль";
"129";"129";"Вера";"47";"62368531";"2015";"февраль";
"130";"130";"Кристина";"45";"62368532";"2015";"февраль";
"131";"131";"Диана";"40";"62368533";"2015";"февраль";
"132";"132";"Яна";"34";"62368534";"2015";"февраль";
"133";"133";"Мирослава";"31";"62368535";"2015";"февраль";
"134";"134";"Амина";"30";"62368536";"2015";"февраль";
"135";"135";"Ангелина";"28";"62368537";"2015";"февраль";
"136";"136";"Ирина";"26";"62368538";"2015";"февраль";
"137";"137";"Юлия";"26";"62368539";"2015";"февраль";
"138";"138";"Евгения";"26";"62368540";"2015";"февраль";
"139";"139";"Эмилия";"23";"62368541";"2015";"февраль";
"140";"140";"Светлана";"21";"62368542";"2015";"февраль";
"141";"141";"Агния";"21";"62368543";"2015";"февраль";
"142";"142";"Агата";"20";"62368544";"2015";"февраль";
"143";"143";"Елена";"20";"62368545";"2015";"февраль";
"144";"144";"Злата";"19";"62368546";"2015";"февраль";
"145";"145";"Надежда";"18";"62368547";"2015";"февраль";
"146";"146";"Ярослава";"17";"62368548";"2015";"февраль";
"147";"147";"Ника";"17";"62368549";"2015";"февраль";
"148";"148";"Марина";"16";"62368550";"2015";"февраль";
"149";"149";"Сафия";"16";"62368551";"2015";"февраль";
"150";"150";"Нина";"16";"62368552";"2015";"февраль";
"151";"151";"Элина";"15";"62368553";"2015";"февраль";
"152";"152";"Дарина";"15";"62368554";"2015";"февраль";
"153";"153";"Аделина";"14";"62368555";"2015";"февраль";
"154";"154";"Есения";"14";"62368556";"2015";"февраль";
"155";"155";"Мадина";"14";"62368557";"2015";"февраль";
"156";"156";"Наталья";"13";"62368558";"2015";"февраль";
"157";"157";"Ариана";"13";"62368559";"2015";"февраль";
"158";"158";"Николь";"13";"62368560";"2015";"февраль";
"159";"159";"Марьям";"13";"62368561";"2015";"февраль";
"160";"160";"Олеся";"12";"62368562";"2015";"февраль";
"161";"161";"Малика";"11";"62368563";"2015";"февраль";
"162";"162";"Карина";"11";"62368564";"2015";"февраль";
"163";"163";"Милена";"11";"62368565";"2015";"февраль";
"164";"164";"Майя";"11";"62368567";"2015";"февраль";
"165";"165";"Марта";"10";"62368568";"2015";"февраль";
"166";"166";"Айлин";"10";"62368569";"2015";"февраль";
"167";"167";"Марианна";"10";"62368571";"2015";"февраль";
"168";"168";"Фатима";"10";"62368572";"2015";"февраль";
"169";"169";"Амелия";"10";"62368573";"2015";"февраль";
"170";"170";"Лилия";"10";"62368574";"2015";"февраль";
"171";"171";"Ясмина";"9";"62368575";"2015";"февраль";
"172";"172";"Стефания";"9";"62368576";"2015";"февраль";
"173";"173";"Владислава";"9";"62368578";"2015";"февраль";
"174";"174";"Лейла";"9";"62368579";"2015";"февраль";
"175";"175";"Каролина";"8";"62368580";"2015";"февраль";
"176";"176";"Моника";"8";"62368581";"2015";"февраль";
"177";"177";"Виталина";"8";"62368582";"2015";"февраль";
"178";"178";"Сабина";"8";"62368583";"2015";"февраль";
"179";"179";"Лада";"8";"62368585";"2015";"февраль";
"180";"180";"Марьяна";"8";"62368586";"2015";"февраль";
"181";"181";"Влада";"8";"62368587";"2015";"февраль";
"182";"182";"Оливия";"8";"62368588";"2015";"февраль";
"183";"183";"Сумая";"7";"62368589";"2015";"февраль";
"184";"184";"Амира";"7";"62368590";"2015";"февраль";
"185";"185";"Анжелика";"7";"62368592";"2015";"февраль";
"186";"186";"Лидия";"7";"62368593";"2015";"февраль";
"187";"187";"Камилла";"7";"62368594";"2015";"февраль";
"188";"188";"Тамара";"7";"62368595";"2015";"февраль";
"189";"189";"Серафима";"7";"62368596";"2015";"февраль";
"190";"190";"Евангелина";"7";"62368597";"2015";"февраль";
"191";"191";"Алла";"6";"62368598";"2015";"февраль";
"192";"192";"Мила";"6";"62368600";"2015";"февраль";
"193";"193";"Наталия";"6";"62368601";"2015";"февраль";
"194";"194";"Алия";"6";"62368602";"2015";"февраль";
"195";"195";"Аиша";"6";"62368603";"2015";"февраль";
"196";"196";"Нелли";"6";"62368604";"2015";"февраль";
"197";"197";"Антонина";"6";"62368605";"2015";"февраль";
"198";"198";"Станислава";"6";"62368606";"2015";"февраль";
"199";"199";"Сумайя";"6";"62368607";"2015";"февраль";
"200";"200";"Зоя";"6";"62368608";"2015";"февраль";
"201";"201";"Мария";"243";"62368609";"2015";"март";
"202";"202";"Анна";"230";"62368610";"2015";"март";
"203";"203";"Анастасия";"216";"62368611";"2015";"март";
"204";"204";"Виктория";"211";"62368612";"2015";"март";
"205";"205";"София";"194";"62368613";"2015";"март";
"206";"206";"Алиса";"189";"62368614";"2015";"март";
"207";"207";"Дарья";"177";"62368615";"2015";"март";
"208";"208";"Полина";"173";"62368616";"2015";"март";
"209";"209";"Елизавета";"167";"62368617";"2015";"март";
"210";"210";"Екатерина";"160";"62368618";"2015";"март";
"211";"211";"Александра";"141";"62368619";"2015";"март";
"212";"212";"Ксения";"139";"62368620";"2015";"март";
"213";"213";"Варвара";"139";"62368622";"2015";"март";
"214";"214";"Василиса";"119";"62368623";"2015";"март";
"215";"215";"Вероника";"117";"62368624";"2015";"март";
"216";"216";"Арина";"109";"62368625";"2015";"март";
"217";"217";"Валерия";"98";"62368626";"2015";"март";
"218";"218";"Милана";"97";"62368627";"2015";"март";
"219";"219";"Софья";"91";"62368628";"2015";"март";
"220";"220";"Кира";"90";"62368629";"2015";"март";
"221";"221";"Ева";"88";"62368630";"2015";"март";
"222";"222";"Алёна";"69";"62368631";"2015";"март";
"223";"223";"Ульяна";"68";"62368632";"2015";"март";
"224";"224";"Вера";"59";"62368633";"2015";"март";
"225";"225";"Ольга";"55";"62368634";"2015";"март";
"226";"226";"Маргарита";"55";"62368635";"2015";"март";
"227";"227";"Алина";"55";"62368636";"2015";"март";
"228";"228";"Диана";"47";"62368637";"2015";"март";
"229";"229";"Кристина";"44";"62368638";"2015";"март";
"230";"230";"Таисия";"43";"62368639";"2015";"март";
"231";"231";"Юлия";"42";"62368640";"2015";"март";
"232";"232";"Яна";"38";"62368641";"2015";"март";
"233";"233";"Ирина";"36";"62368642";"2015";"март";
"234";"234";"Амина";"33";"62368644";"2015";"март";
"235";"235";"Мирослава";"32";"62368645";"2015";"март";
"236";"236";"Марина";"30";"62368646";"2015";"март";
"237";"237";"Ангелина";"30";"62368647";"2015";"март";
"238";"238";"Евгения";"29";"62368648";"2015";"март";
"239";"239";"Татьяна";"29";"62368649";"2015";"март";
"240";"240";"Елена";"28";"62368650";"2015";"март";
"241";"241";"Злата";"27";"62368651";"2015";"март";
"242";"242";"Ника";"26";"62368652";"2015";"март";
"243";"243";"Надежда";"23";"62368653";"2015";"март";
"244";"244";"Марта";"22";"62368654";"2015";"март";
"245";"245";"Элина";"18";"62368655";"2015";"март";
"246";"246";"Олеся";"18";"62368656";"2015";"март";
"247";"247";"Светлана";"17";"62368657";"2015";"март";
"248";"248";"Николь";"17";"62368658";"2015";"март";
"249";"249";"Аделина";"17";"62368659";"2015";"март";
"250";"250";"Милена";"16";"62368660";"2015";"март";
"251";"251";"Евдокия";"16";"62368661";"2015";"март";
"252";"252";"Дарина";"16";"62368662";"2015";"март";
"253";"253";"Ясмина";"16";"62368663";"2015";"март";
"254";"254";"Стефания";"15";"62368664";"2015";"март";
"255";"255";"Марианна";"15";"62368665";"2015";"март";
"256";"256";"Есения";"15";"62368666";"2015";"март";
"257";"257";"Зоя";"15";"62368667";"2015";"март";
"258";"258";"Валентина";"15";"62368668";"2015";"март";
"259";"259";"Владислава";"15";"62368669";"2015";"март";
"260";"260";"Агния";"15";"62368670";"2015";"март";
"261";"261";"Майя";"15";"62368671";"2015";"март";
"262";"262";"Ярослава";"15";"62368672";"2015";"март";
"263";"263";"Агата";"14";"62368673";"2015";"март";
"264";"264";"Раяна";"14";"62368674";"2015";"март";
"265";"265";"Нина";"13";"62368675";"2015";"март";
"266";"266";"Эмилия";"13";"62368676";"2015";"март";
"267";"267";"Алия";"13";"62368677";"2015";"март";
"268";"268";"Самира";"12";"62368678";"2015";"март";
"269";"269";"Сафия";"12";"62368679";"2015";"март";
"270";"270";"Лилия";"12";"62368680";"2015";"март";
"271";"271";"Антонина";"12";"62368681";"2015";"март";
"272";"272";"Малика";"11";"62368682";"2015";"март";
"273";"273";"Наталья";"11";"62368683";"2015";"март";
"274";"274";"Амелия";"11";"62368685";"2015";"март";
"275";"275";"Мадина";"10";"62368686";"2015";"март";
"276";"276";"Лада";"10";"62368687";"2015";"март";
"277";"277";"Сабина";"10";"62368688";"2015";"март";
"278";"278";"Лидия";"10";"62368690";"2015";"март";
"279";"279";"Камилла";"10";"62368691";"2015";"март";
"280";"280";"Аниса";"10";"62368692";"2015";"март";
"281";"281";"Карина";"9";"62368693";"2015";"март";
"282";"282";"Ариана";"9";"62368695";"2015";"март";
"283";"283";"Виолетта";"9";"62368696";"2015";"март";
"284";"284";"Марьяна";"9";"62368697";"2015";"март";
"285";"285";"Юлиана";"8";"62368698";"2015";"март";
"286";"286";"Алеся";"8";"62368700";"2015";"март";
"287";"287";"Любовь";"8";"62368701";"2015";"март";
"288";"288";"Мила";"8";"62368702";"2015";"март";
"289";"289";"Серафима";"8";"62368703";"2015";"март";
"290";"290";"Камила";"7";"62368705";"2015";"март";
"291";"291";"Альбина";"7";"62368706";"2015";"март";
"292";"292";"Марьям";"7";"62368707";"2015";"март";
"293";"293";"Станислава";"7";"62368708";"2015";"март";
"294";"294";"Амира";"7";"62368709";"2015";"март";
"295";"295";"Пелагея";"7";"62368710";"2015";"март";
"296";"296";"Жасмина";"6";"62368711";"2015";"март";
"297";"297";"Арууке";"6";"62368712";"2015";"март";
"298";"298";"Эмма";"6";"62368713";"2015";"март";
"299";"299";"Аделя";"6";"62368714";"2015";"март";
"300";"300";"Дана";"6";"62368715";"2015";"март";
"301";"301";"Мария";"314";"62368716";"2015";"апрель";
"302";"302";"Анастасия";"214";"62368717";"2015";"апрель";
"303";"303";"София";"206";"62368718";"2015";"апрель";
"304";"304";"Виктория";"205";"62368719";"2015";"апрель";
"305";"305";"Анна";"202";"62368720";"2015";"апрель";
"306";"306";"Дарья";"191";"62368721";"2015";"апрель";
"307";"307";"Полина";"188";"62368723";"2015";"апрель";
"308";"308";"Алиса";"178";"62368724";"2015";"апрель";
"309";"309";"Елизавета";"171";"62368725";"2015";"апрель";
"310";"310";"Варвара";"167";"62368726";"2015";"апрель";
"311";"311";"Александра";"161";"62368727";"2015";"апрель";
"312";"312";"Екатерина";"157";"62368728";"2015";"апрель";
"313";"313";"Арина";"120";"62368729";"2015";"апрель";
"314";"314";"Ксения";"119";"62368730";"2015";"апрель";
"315";"315";"Василиса";"116";"62368731";"2015";"апрель";
"316";"316";"Валерия";"105";"62368732";"2015";"апрель";
"317";"317";"Софья";"99";"62368733";"2015";"апрель";
"318";"318";"Вероника";"86";"62368734";"2015";"апрель";
"319";"319";"Ева";"84";"62368735";"2015";"апрель";
"320";"320";"Милана";"84";"62368736";"2015";"апрель";
"321";"321";"Ульяна";"81";"62368737";"2015";"апрель";
"322";"322";"Маргарита";"77";"62368738";"2015";"апрель";
"323";"323";"Вера";"73";"62368739";"2015";"апрель";
"324";"324";"Кира";"70";"62368740";"2015";"апрель";
"325";"325";"Кристина";"55";"62368741";"2015";"апрель";
"326";"326";"Таисия";"53";"62368742";"2015";"апрель";
"327";"327";"Юлия";"51";"62368744";"2015";"апрель";
"328";"328";"Алёна";"46";"62368745";"2015";"апрель";
"329";"329";"Ольга";"43";"62368746";"2015";"апрель";
"330";"330";"Алина";"43";"62368747";"2015";"апрель";
"331";"331";"Мирослава";"37";"62368748";"2015";"апрель";
"332";"332";"Ника";"36";"62368749";"2015";"апрель";
"333";"333";"Диана";"36";"62368750";"2015";"апрель";
"334";"334";"Амина";"36";"62368751";"2015";"апрель";
"335";"335";"Ирина";"35";"62368752";"2015";"апрель";
"336";"336";"Злата";"34";"62368753";"2015";"апрель";
"337";"337";"Татьяна";"32";"62368754";"2015";"апрель";
"338";"338";"Елена";"31";"62368755";"2015";"апрель";
"339";"339";"Надежда";"30";"62368756";"2015";"апрель";
"340";"340";"Яна";"30";"62368757";"2015";"апрель";
"341";"341";"Евгения";"27";"62368758";"2015";"апрель";
"342";"342";"Ярослава";"26";"62368759";"2015";"апрель";
"343";"343";"Марина";"25";"62368760";"2015";"апрель";
"344";"344";"Ангелина";"24";"62368761";"2015";"апрель";
"345";"345";"Светлана";"22";"62368762";"2015";"апрель";
"346";"346";"Майя";"20";"62368763";"2015";"апрель";
"347";"347";"Элина";"20";"62368764";"2015";"апрель";
"348";"348";"Стефания";"19";"62368765";"2015";"апрель";
"349";"349";"Есения";"18";"62368766";"2015";"апрель";
"350";"350";"Сафия";"18";"62368767";"2015";"апрель";
"351";"351";"Карина";"18";"62368768";"2015";"апрель";
"352";"352";"Милена";"17";"62368769";"2015";"апрель";
"353";"353";"Эмилия";"17";"62368770";"2015";"апрель";
"354";"354";"Наталья";"16";"62368771";"2015";"апрель";
"355";"355";"Аделина";"16";"62368773";"2015";"апрель";
"356";"356";"Лидия";"16";"62368774";"2015";"апрель";
"357";"357";"Дарина";"15";"62368775";"2015";"апрель";
"358";"358";"Олеся";"15";"62368776";"2015";"апрель";
"359";"359";"Лилия";"15";"62368777";"2015";"апрель";
"360";"360";"Зоя";"14";"62368778";"2015";"апрель";
"361";"361";"Марта";"14";"62368779";"2015";"апрель";
"362";"362";"Марьям";"14";"62368780";"2015";"апрель";
"363";"363";"Агата";"14";"62368781";"2015";"апрель";
"364";"364";"Николь";"13";"62368782";"2015";"апрель";
"365";"365";"Антонина";"13";"62368783";"2015";"апрель";
"366";"366";"Ариана";"12";"62368784";"2015";"апрель";
"367";"367";"Любовь";"12";"62368785";"2015";"апрель";
"368";"368";"Фатима";"12";"62368786";"2015";"апрель";
"369";"369";"Алия";"12";"62368787";"2015";"апрель";
"370";"370";"Владислава";"12";"62368788";"2015";"апрель";
"371";"371";"Евангелина";"11";"62368789";"2015";"апрель";
"372";"372";"Амелия";"11";"62368790";"2015";"апрель";
"373";"373";"Валентина";"11";"62368791";"2015";"апрель";
"374";"374";"Нина";"10";"62368792";"2015";"апрель";
"375";"375";"Марианна";"10";"62368793";"2015";"апрель";
"376";"376";"Малика";"10";"62368794";"2015";"апрель";
"377";"377";"Агния";"10";"62368795";"2015";"апрель";
"378";"378";"Евдокия";"9";"62368796";"2015";"апрель";
"379";"379";"Камилла";"9";"62368797";"2015";"апрель";
"380";"380";"Мила";"8";"62368798";"2015";"апрель";
"381";"381";"Лейла";"8";"62368799";"2015";"апрель";
"382";"382";"Каролина";"8";"62368800";"2015";"апрель";
"383";"383";"Людмила";"8";"62368801";"2015";"апрель";
"384";"384";"Лада";"8";"62368802";"2015";"апрель";
"385";"385";"Аглая";"8";"62368804";"2015";"апрель";
"386";"386";"Мадина";"8";"62368805";"2015";"апрель";
"387";"387";"Марьяна";"8";"62368806";"2015";"апрель";
"388";"388";"Алеся";"8";"62368807";"2015";"апрель";
"389";"389";"Самира";"8";"62368808";"2015";"апрель";
"390";"390";"Влада";"7";"62368809";"2015";"апрель";
"391";"391";"Амира";"7";"62368810";"2015";"апрель";
"392";"392";"Луиза";"7";"62368811";"2015";"апрель";
"393";"393";"Ясмина";"7";"62368812";"2015";"апрель";
"394";"394";"Нелли";"7";"62368813";"2015";"апрель";
"395";"395";"Василина";"7";"62368814";"2015";"апрель";
"396";"396";"Аврора";"7";"62368815";"2015";"апрель";
"397";"397";"Дина";"7";"62368816";"2015";"апрель";
"398";"398";"Серафима";"6";"62368817";"2015";"апрель";
"399";"399";"Алла";"6";"62368818";"2015";"апрель";
"400";"400";"Алисия";"6";"62368819";"2015";"апрель";
"401";"401";"Мария";"256";"62368820";"2015";"май";
"402";"402";"Виктория";"244";"62368821";"2015";"май";
"403";"403";"Елизавета";"213";"62368822";"2015";"май";
"404";"404";"София";"187";"62368823";"2015";"май";
"405";"405";"Дарья";"184";"62368824";"2015";"май";
"406";"406";"Анна";"175";"62368825";"2015";"май";
"407";"407";"Анастасия";"167";"62368826";"2015";"май";
"408";"408";"Александра";"164";"62368827";"2015";"май";
"409";"409";"Полина";"161";"62368828";"2015";"май";
"410";"410";"Алиса";"154";"62368829";"2015";"май";
"411";"411";"Екатерина";"148";"62368830";"2015";"май";
"412";"412";"Варвара";"139";"62368831";"2015";"май";
"413";"413";"Арина";"127";"62368832";"2015";"май";
"414";"414";"Ксения";"115";"62368833";"2015";"май";
"415";"415";"Вероника";"110";"62368834";"2015";"май";
"416";"416";"Софья";"108";"62368835";"2015";"май";
"417";"417";"Василиса";"106";"62368836";"2015";"май";
"418";"418";"Валерия";"105";"62368837";"2015";"май";
"419";"419";"Ева";"92";"62368838";"2015";"май";
"420";"420";"Милана";"89";"62368839";"2015";"май";
"421";"421";"Таисия";"76";"62368840";"2015";"май";
"422";"422";"Алёна";"73";"62368841";"2015";"май";
"423";"423";"Вера";"69";"62368842";"2015";"май";
"424";"424";"Диана";"58";"62368843";"2015";"май";
"425";"425";"Ульяна";"55";"62368844";"2015";"май";
"426";"426";"Кристина";"54";"62368845";"2015";"май";
"427";"427";"Маргарита";"51";"62368846";"2015";"май";
"428";"428";"Кира";"50";"62368847";"2015";"май";
"429";"429";"Ольга";"48";"62368848";"2015";"май";
"430";"430";"Майя";"47";"62368850";"2015";"май";
"431";"431";"Алина";"45";"62368851";"2015";"май";
"432";"432";"Ирина";"40";"62368852";"2015";"май";
"433";"433";"Амина";"37";"62368853";"2015";"май";
"434";"434";"Юлия";"33";"62368854";"2015";"май";
"435";"435";"Ника";"31";"62368855";"2015";"май";
"436";"436";"Евгения";"29";"62368856";"2015";"май";
"437";"437";"Татьяна";"29";"62368857";"2015";"май";
"438";"438";"Ярослава";"29";"62368858";"2015";"май";
"439";"439";"Яна";"29";"62368859";"2015";"май";
"440";"440";"Ангелина";"28";"62368860";"2015";"май";
"441";"441";"Сафия";"28";"62368861";"2015";"май";
"442";"442";"Злата";"27";"62368862";"2015";"май";
"443";"443";"Елена";"26";"62368863";"2015";"май";
"444";"444";"Мирослава";"25";"62368864";"2015";"май";
"445";"445";"Есения";"25";"62368865";"2015";"май";
"446";"446";"Аделина";"23";"62368866";"2015";"май";
"447";"447";"Стефания";"21";"62368867";"2015";"май";
"448";"448";"Любовь";"19";"62368868";"2015";"май";
"449";"449";"Надежда";"19";"62368869";"2015";"май";
"450";"450";"Элина";"19";"62368870";"2015";"май";
"451";"451";"Милена";"19";"62368871";"2015";"май";
"452";"452";"Нина";"17";"62368873";"2015";"май";
"453";"453";"Светлана";"16";"62368874";"2015";"май";
"454";"454";"Лидия";"16";"62368875";"2015";"май";
"455";"455";"Николь";"15";"62368876";"2015";"май";
"456";"456";"Агата";"15";"62368877";"2015";"май";
"457";"457";"Самира";"14";"62368878";"2015";"май";
"458";"458";"Лилия";"14";"62368879";"2015";"май";
"459";"459";"Наталья";"14";"62368880";"2015";"май";
"460";"460";"Эвелина";"13";"62368881";"2015";"май";
"461";"461";"Ясмина";"13";"62368882";"2015";"май";
"462";"462";"Дарина";"13";"62368883";"2015";"май";
"463";"463";"Карина";"12";"62368884";"2015";"май";
"464";"464";"Каролина";"12";"62368885";"2015";"май";
"465";"465";"Малика";"12";"62368886";"2015";"май";
"466";"466";"Лада";"12";"62368887";"2015";"май";
"467";"467";"Марина";"12";"62368888";"2015";"май";
"468";"468";"Эмилия";"11";"62368889";"2015";"май";
"469";"469";"Олеся";"11";"62368890";"2015";"май";
"470";"470";"Антонина";"10";"62368891";"2015";"май";
"471";"471";"Марианна";"10";"62368892";"2015";"май";
"472";"472";"Мадина";"10";"62368893";"2015";"май";
"473";"473";"Тамара";"10";"62368894";"2015";"май";
"474";"474";"Мила";"10";"62368895";"2015";"май";
"475";"475";"Алия";"10";"62368896";"2015";"май";
"476";"476";"Марта";"9";"62368898";"2015";"май";
"477";"477";"Серафима";"9";"62368899";"2015";"май";
"478";"478";"Зоя";"9";"62368900";"2015";"май";
"479";"479";"Анисия";"9";"62368901";"2015";"май";
"480";"480";"Ариана";"9";"62368902";"2015";"май";
"481";"481";"Сабина";"9";"62368903";"2015";"май";
"482";"482";"Анжелика";"9";"62368904";"2015";"май";
"483";"483";"Амелия";"8";"62367755";"2015";"май";
"484";"484";"Камила";"8";"62367756";"2015";"май";
"485";"485";"Евангелина";"8";"62367757";"2015";"май";
"486";"486";"Альбина";"8";"62367758";"2015";"май";
"487";"487";"Владислава";"8";"62367759";"2015";"май";
"488";"488";"Айлин";"8";"62367760";"2015";"май";
"489";"489";"Евдокия";"7";"62367761";"2015";"май";
"490";"490";"Марьям";"7";"62367762";"2015";"май";
"491";"491";"Лейла";"7";"62367763";"2015";"май";
"492";"492";"Мелисса";"7";"62367764";"2015";"май";
"493";"493";"Амира";"7";"62367765";"2015";"май";
"494";"494";"Оливия";"7";"62367766";"2015";"май";
"495";"495";"Виталина";"7";"62367767";"2015";"май";
"496";"496";"Станислава";"6";"62367768";"2015";"май";
"497";"497";"Марьяна";"6";"62367769";"2015";"май";
"498";"498";"Фатима";"6";"62367770";"2015";"май";
"499";"499";"Влада";"6";"62367771";"2015";"май";
"500";"500";"Дана";"6";"62367772";"2015";"май";
"501";"501";"Мария";"271";"62367773";"2015";"июнь";
"502";"502";"Анастасия";"242";"62367774";"2015";"июнь";
"503";"503";"Виктория";"226";"62367775";"2015";"июнь";
"504";"504";"София";"217";"62367776";"2015";"июнь";
"505";"505";"Анна";"216";"62367777";"2015";"июнь";
"506";"506";"Елизавета";"214";"62367778";"2015";"июнь";
"507";"507";"Алиса";"191";"62367779";"2015";"июнь";
"508";"508";"Дарья";"189";"62367780";"2015";"июнь";
"509";"509";"Александра";"182";"62367781";"2015";"июнь";
"510";"510";"Полина";"161";"62367782";"2015";"июнь";
"511";"511";"Ксения";"157";"62367783";"2015";"июнь";
"512";"512";"Варвара";"155";"62367784";"2015";"июнь";
"513";"513";"Валерия";"149";"62367785";"2015";"июнь";
"514";"514";"Екатерина";"141";"62367786";"2015";"июнь";
"515";"515";"Арина";"134";"62367787";"2015";"июнь";
"516";"516";"Вероника";"118";"62367789";"2015";"июнь";
"517";"517";"Софья";"110";"62367790";"2015";"июнь";
"518";"518";"Василиса";"108";"62367791";"2015";"июнь";
"519";"519";"Милана";"103";"62367792";"2015";"июнь";
"520";"520";"Ульяна";"101";"62367794";"2015";"июнь";
"521";"521";"Ева";"99";"62367795";"2015";"июнь";
"522";"522";"Кира";"86";"62367796";"2015";"июнь";
"523";"523";"Вера";"67";"62367797";"2015";"июнь";
"524";"524";"Маргарита";"66";"62367798";"2015";"июнь";
"525";"525";"Таисия";"65";"62367800";"2015";"июнь";
"526";"526";"Алёна";"62";"62367801";"2015";"июнь";
"527";"527";"Кристина";"62";"62367802";"2015";"июнь";
"528";"528";"Алина";"59";"62367803";"2015";"июнь";
"529";"529";"Юлия";"53";"62367804";"2015";"июнь";
"530";"530";"Елена";"46";"62367805";"2015";"июнь";
"531";"531";"Диана";"45";"62367806";"2015";"июнь";
"532";"532";"Амина";"44";"62367807";"2015";"июнь";
"533";"533";"Ольга";"43";"62367808";"2015";"июнь";
"534";"534";"Стефания";"42";"62367809";"2015";"июнь";
"535";"535";"Евгения";"36";"62367810";"2015";"июнь";
"536";"536";"Майя";"34";"62367811";"2015";"июнь";
"537";"537";"Ангелина";"32";"62367812";"2015";"июнь";
"538";"538";"Надежда";"30";"62367813";"2015";"июнь";
"539";"539";"Яна";"29";"62367814";"2015";"июнь";
"540";"540";"Марина";"29";"62367815";"2015";"июнь";
"541";"541";"Есения";"28";"62367816";"2015";"июнь";
"542";"542";"Татьяна";"27";"62367817";"2015";"июнь";
"543";"543";"Эмилия";"27";"62367818";"2015";"июнь";
"544";"544";"Мирослава";"26";"62367819";"2015";"июнь";
"545";"545";"Элина";"26";"62367820";"2015";"июнь";
"546";"546";"Злата";"26";"62367821";"2015";"июнь";
"547";"547";"Агата";"25";"62367822";"2015";"июнь";
"548";"548";"Ирина";"23";"62367823";"2015";"июнь";
"549";"549";"Ярослава";"23";"62367824";"2015";"июнь";
"550";"550";"Сафия";"23";"62367825";"2015";"июнь";
"551";"551";"Аделина";"22";"62367826";"2015";"июнь";
"552";"552";"Марьям";"20";"62367827";"2015";"июнь";
"553";"553";"Евдокия";"18";"62367828";"2015";"июнь";
"554";"554";"Антонина";"18";"62367829";"2015";"июнь";
"555";"555";"Ясмина";"17";"62367830";"2015";"июнь";
"556";"556";"Любовь";"17";"62367831";"2015";"июнь";
"557";"557";"Нина";"17";"62367832";"2015";"июнь";
"558";"558";"Олеся";"16";"62367834";"2015";"июнь";
"559";"559";"Светлана";"16";"62367835";"2015";"июнь";
"560";"560";"Ника";"16";"62367836";"2015";"июнь";
"561";"561";"Николь";"16";"62367837";"2015";"июнь";
"562";"562";"Карина";"15";"62367838";"2015";"июнь";
"563";"563";"Алия";"15";"62367839";"2015";"июнь";
"564";"564";"Лидия";"14";"62367840";"2015";"июнь";
"565";"565";"Дарина";"13";"62367841";"2015";"июнь";
"566";"566";"Милена";"13";"62367842";"2015";"июнь";
"567";"567";"Лилия";"13";"62367843";"2015";"июнь";
"568";"568";"Марьяна";"12";"62367844";"2015";"июнь";
"569";"569";"Лейла";"12";"62367845";"2015";"июнь";
"570";"570";"Мила";"12";"62367846";"2015";"июнь";
"571";"571";"Камилла";"11";"62367847";"2015";"июнь";
"572";"572";"Камила";"11";"62367848";"2015";"июнь";
"573";"573";"Зоя";"11";"62367849";"2015";"июнь";
"574";"574";"Амелия";"11";"62367850";"2015";"июнь";
"575";"575";"Фатима";"11";"62367851";"2015";"июнь";
"576";"576";"Амалия";"11";"62367852";"2015";"июнь";
"577";"577";"Ариана";"10";"62367853";"2015";"июнь";
"578";"578";"Марианна";"10";"62367854";"2015";"июнь";
"579";"579";"Виолетта";"10";"62367855";"2015";"июнь";
"580";"580";"Каролина";"10";"62367857";"2015";"июнь";
"581";"581";"Альбина";"9";"62367858";"2015";"июнь";
"582";"582";"Аиша";"9";"62367859";"2015";"июнь";
"583";"583";"Марта";"9";"62367860";"2015";"июнь";
"584";"584";"Амира";"9";"62367861";"2015";"июнь";
"585";"585";"Аглая";"9";"62367862";"2015";"июнь";
"586";"586";"Самира";"9";"62367863";"2015";"июнь";
"587";"587";"Эмма";"9";"62367864";"2015";"июнь";
"588";"588";"Малика";"8";"62367865";"2015";"июнь";
"589";"589";"Раяна";"8";"62367866";"2015";"июнь";
"590";"590";"Эвелина";"8";"62367867";"2015";"июнь";
"591";"591";"Наталья";"8";"62367868";"2015";"июнь";
"592";"592";"Анжелика";"8";"62367869";"2015";"июнь";
"593";"593";"Айлин";"8";"62367870";"2015";"июнь";
"594";"594";"Асия";"8";"62367871";"2015";"июнь";
"595";"595";"Аяна";"8";"62367872";"2015";"июнь";
"596";"596";"Агния";"8";"62367873";"2015";"июнь";
"597";"597";"Милослава";"8";"62367874";"2015";"июнь";
"598";"598";"Евангелина";"8";"62367875";"2015";"июнь";
"599";"599";"Алисия";"7";"62367876";"2015";"июнь";
"600";"600";"Сабина";"7";"62367877";"2015";"июнь";
"601";"601";"Мария";"331";"62367878";"2015";"июль";
"602";"602";"Анна";"287";"62367879";"2015";"июль";
"603";"603";"Анастасия";"270";"62367880";"2015";"июль";
"604";"604";"София";"230";"62367881";"2015";"июль";
"605";"605";"Виктория";"226";"62367882";"2015";"июль";
"606";"606";"Елизавета";"218";"62367883";"2015";"июль";
"607";"607";"Александра";"214";"62367884";"2015";"июль";
"608";"608";"Полина";"203";"62367885";"2015";"июль";
"609";"609";"Алиса";"200";"62367886";"2015";"июль";
"610";"610";"Варвара";"191";"62367887";"2015";"июль";
"611";"611";"Дарья";"179";"62367888";"2015";"июль";
"612";"612";"Екатерина";"172";"62367889";"2015";"июль";
"613";"613";"Арина";"149";"62367890";"2015";"июль";
"614";"614";"Софья";"138";"62367891";"2015";"июль";
"615";"615";"Ксения";"133";"62367892";"2015";"июль";
"616";"616";"Вероника";"128";"62367893";"2015";"июль";
"617";"617";"Василиса";"124";"62367894";"2015";"июль";
"618";"618";"Валерия";"122";"62367895";"2015";"июль";
"619";"619";"Милана";"121";"62367896";"2015";"июль";
"620";"620";"Ульяна";"121";"62367897";"2015";"июль";
"621";"621";"Ева";"107";"62367898";"2015";"июль";
"622";"622";"Маргарита";"82";"62367899";"2015";"июль";
"623";"623";"Вера";"81";"62367900";"2015";"июль";
"624";"624";"Алёна";"79";"62367901";"2015";"июль";
"625";"625";"Ольга";"75";"62367902";"2015";"июль";
"626";"626";"Кира";"74";"62367903";"2015";"июль";
"627";"627";"Кристина";"65";"62367904";"2015";"июль";
"628";"628";"Юлия";"61";"62367905";"2015";"июль";
"629";"629";"Ангелина";"58";"62367906";"2015";"июль";
"630";"630";"Алина";"58";"62367907";"2015";"июль";
"631";"631";"Таисия";"55";"62367908";"2015";"июль";
"632";"632";"Диана";"49";"62367909";"2015";"июль";
"633";"633";"Амина";"46";"62367911";"2015";"июль";
"634";"634";"Яна";"44";"62367912";"2015";"июль";
"635";"635";"Евгения";"42";"62367913";"2015";"июль";
"636";"636";"Мирослава";"40";"62367914";"2015";"июль";
"637";"637";"Сафия";"34";"62367915";"2015";"июль";
"638";"638";"Ирина";"29";"62367916";"2015";"июль";
"639";"639";"Надежда";"29";"62367917";"2015";"июль";
"640";"640";"Елена";"28";"62367918";"2015";"июль";
"641";"641";"Стефания";"28";"62367919";"2015";"июль";
"642";"642";"Татьяна";"26";"62367920";"2015";"июль";
"643";"643";"Марина";"26";"62367921";"2015";"июль";
"644";"644";"Ника";"26";"62367922";"2015";"июль";
"645";"645";"Аделина";"25";"62367924";"2015";"июль";
"646";"646";"Майя";"25";"62367925";"2015";"июль";
"647";"647";"Элина";"24";"62367926";"2015";"июль";
"648";"648";"Эмилия";"24";"62367927";"2015";"июль";
"649";"649";"Олеся";"22";"62367928";"2015";"июль";
"650";"650";"Ясмина";"22";"62367929";"2015";"июль";
"651";"651";"Агата";"22";"62367930";"2015";"июль";
"652";"652";"Марьям";"22";"62367931";"2015";"июль";
"653";"653";"Аиша";"21";"62367932";"2015";"июль";
"654";"654";"Ярослава";"20";"62367933";"2015";"июль";
"655";"655";"Милена";"20";"62367934";"2015";"июль";
"656";"656";"Злата";"19";"62367936";"2015";"июль";
"657";"657";"Дарина";"18";"62367937";"2015";"июль";
"658";"658";"Любовь";"18";"62367938";"2015";"июль";
"659";"659";"Есения";"18";"62367939";"2015";"июль";
"660";"660";"Антонина";"15";"62367940";"2015";"июль";
"661";"661";"Камилла";"15";"62367941";"2015";"июль";
"662";"662";"Алия";"14";"62367942";"2015";"июль";
"663";"663";"Мила";"14";"62367943";"2015";"июль";
"664";"664";"Каролина";"14";"62367944";"2015";"июль";
"665";"665";"Агния";"14";"62367945";"2015";"июль";
"666";"666";"Эвелина";"14";"62367946";"2015";"июль";
"667";"667";"Светлана";"14";"62367947";"2015";"июль";
"668";"668";"Зоя";"14";"62367948";"2015";"июль";
"669";"669";"Камила";"13";"62367949";"2015";"июль";
"670";"670";"Евангелина";"12";"62367950";"2015";"июль";
"671";"671";"Владислава";"12";"62367951";"2015";"июль";
"672";"672";"Амелия";"12";"62367952";"2015";"июль";
"673";"673";"Лилия";"12";"62367953";"2015";"июль";
"674";"674";"Нина";"12";"62367954";"2015";"июль";
"675";"675";"Раяна";"12";"62367955";"2015";"июль";
"676";"676";"Марианна";"11";"62367956";"2015";"июль";
"677";"677";"Валентина";"11";"62367957";"2015";"июль";
"678";"678";"Карина";"11";"62367958";"2015";"июль";
"679";"679";"Лейла";"11";"62367959";"2015";"июль";
"680";"680";"Николь";"11";"62367960";"2015";"июль";
"681";"681";"Айлин";"10";"62367961";"2015";"июль";
"682";"682";"Юлиана";"10";"62367962";"2015";"июль";
"683";"683";"Малика";"10";"62367964";"2015";"июль";
"684";"684";"Ариана";"9";"62367965";"2015";"июль";
"685";"685";"Наталья";"9";"62367966";"2015";"июль";
"686";"686";"Анжелика";"9";"62367967";"2015";"июль";
"687";"687";"Мира";"9";"62367968";"2015";"июль";
"688";"688";"Марьяна";"9";"62367969";"2015";"июль";
"689";"689";"Самира";"9";"62367970";"2015";"июль";
"690";"690";"Виолетта";"9";"62367971";"2015";"июль";
"691";"691";"Мадина";"9";"62367972";"2015";"июль";
"692";"692";"Аглая";"9";"62367973";"2015";"июль";
"693";"693";"Лада";"9";"62367974";"2015";"июль";
"694";"694";"Лидия";"9";"62367975";"2015";"июль";
"695";"695";"Наталия";"9";"62367976";"2015";"июль";
"696";"696";"Евдокия";"8";"62367977";"2015";"июль";
"697";"697";"Марта";"8";"62367978";"2015";"июль";
"698";"698";"Алсу";"8";"62367979";"2015";"июль";
"699";"699";"Зарина";"8";"62367980";"2015";"июль";
"700";"700";"Амира";"8";"62367981";"2015";"июль";
"701";"701";"Мария";"312";"62367982";"2015";"август";
"702";"702";"Анна";"257";"62367983";"2015";"август";
"703";"703";"София";"225";"62367984";"2015";"август";
"704";"704";"Анастасия";"216";"62367985";"2015";"август";
"705";"705";"Елизавета";"202";"62367986";"2015";"август";
"706";"706";"Виктория";"201";"62367987";"2015";"август";
"707";"707";"Полина";"192";"62367988";"2015";"август";
"708";"708";"Дарья";"187";"62367989";"2015";"август";
"709";"709";"Алиса";"180";"62367990";"2015";"август";
"710";"710";"Александра";"159";"62367991";"2015";"август";
"711";"711";"Арина";"149";"62367993";"2015";"август";
"712";"712";"Екатерина";"148";"62367994";"2015";"август";
"713";"713";"Ксения";"140";"62367995";"2015";"август";
"714";"714";"Вероника";"133";"62367996";"2015";"август";
"715";"715";"Варвара";"132";"62367997";"2015";"август";
"716";"716";"Милана";"109";"62367998";"2015";"август";
"717";"717";"Василиса";"100";"62367999";"2015";"август";
"718";"718";"Валерия";"97";"62368000";"2015";"август";
"719";"719";"Ева";"97";"62368001";"2015";"август";
"720";"720";"Софья";"94";"62368002";"2015";"август";
"721";"721";"Ульяна";"90";"62368003";"2015";"август";
"722";"722";"Маргарита";"81";"62368004";"2015";"август";
"723";"723";"Кира";"76";"62368005";"2015";"август";
"724";"724";"Кристина";"68";"62368006";"2015";"август";
"725";"725";"Ольга";"68";"62368007";"2015";"август";
"726";"726";"Таисия";"64";"62368008";"2015";"август";
"727";"727";"Алёна";"61";"62368009";"2015";"август";
"728";"728";"Диана";"61";"62368010";"2015";"август";
"729";"729";"Юлия";"60";"62368011";"2015";"август";
"730";"730";"Алина";"56";"62368012";"2015";"август";
"731";"731";"Вера";"55";"62368013";"2015";"август";
"732";"732";"Мирослава";"51";"62368014";"2015";"август";
"733";"733";"Ангелина";"50";"62368015";"2015";"август";
"734";"734";"Амина";"49";"62368016";"2015";"август";
"735";"735";"Злата";"32";"62368017";"2015";"август";
"736";"736";"Елена";"31";"62368018";"2015";"август";
"737";"737";"Яна";"31";"62368019";"2015";"август";
"738";"738";"Евгения";"30";"62368020";"2015";"август";
"739";"739";"Татьяна";"30";"62368021";"2015";"август";
"740";"740";"Ирина";"27";"62368022";"2015";"август";
"741";"741";"Сафия";"27";"62368023";"2015";"август";
"742";"742";"Аделина";"25";"62368024";"2015";"август";
"743";"743";"Есения";"25";"62368025";"2015";"август";
"744";"744";"Элина";"23";"62368026";"2015";"август";
"745";"745";"Майя";"22";"62368027";"2015";"август";
"746";"746";"Стефания";"22";"62368028";"2015";"август";
"747";"747";"Марина";"21";"62368029";"2015";"август";
"748";"748";"Камилла";"19";"62368030";"2015";"август";
"749";"749";"Милена";"19";"62368031";"2015";"август";
"750";"750";"Надежда";"19";"62368032";"2015";"август";
"751";"751";"Нина";"19";"62368033";"2015";"август";
"752";"752";"Эмилия";"19";"62368034";"2015";"август";
"753";"753";"Агата";"18";"62368036";"2015";"август";
"754";"754";"Светлана";"18";"62368037";"2015";"август";
"755";"755";"Любовь";"17";"62368038";"2015";"август";
"756";"756";"Ярослава";"17";"62368039";"2015";"август";
"757";"757";"Агния";"16";"62368040";"2015";"август";
"758";"758";"Ника";"16";"62368041";"2015";"август";
"759";"759";"Лилия";"15";"62368042";"2015";"август";
"760";"760";"Малика";"15";"62368043";"2015";"август";
"761";"761";"Марьям";"15";"62368044";"2015";"август";
"762";"762";"Николь";"15";"62368045";"2015";"август";
"763";"763";"Амелия";"14";"62368046";"2015";"август";
"764";"764";"Антонина";"14";"62368047";"2015";"август";
"765";"765";"Алия";"13";"62368048";"2015";"август";
"766";"766";"Евангелина";"13";"62368049";"2015";"август";
"767";"767";"Олеся";"13";"62368050";"2015";"август";
"768";"768";"Ясмина";"13";"62368051";"2015";"август";
"769";"769";"Валентина";"12";"62368052";"2015";"август";
"770";"770";"Виолетта";"12";"62368053";"2015";"август";
"771";"771";"Мадина";"12";"62368054";"2015";"август";
"772";"772";"Самира";"12";"62368055";"2015";"август";
"773";"773";"Дарина";"11";"62368056";"2015";"август";
"774";"774";"Зоя";"11";"62368057";"2015";"август";
"775";"775";"Камила";"11";"62368058";"2015";"август";
"776";"776";"Марианна";"11";"62368060";"2015";"август";
"777";"777";"Мила";"11";"62368061";"2015";"август";
"778";"778";"Ариана";"10";"62368062";"2015";"август";
"779";"779";"Карина";"10";"62368063";"2015";"август";
"780";"780";"Оливия";"10";"62368064";"2015";"август";
"781";"781";"Дана";"9";"62368065";"2015";"август";
"782";"782";"Марьяна";"9";"62368066";"2015";"август";
"783";"783";"Наталия";"9";"62368067";"2015";"август";
"784";"784";"Серафима";"9";"62368068";"2015";"август";
"785";"785";"Альбина";"8";"62368069";"2015";"август";
"786";"786";"Аиша";"8";"62368070";"2015";"август";
"787";"787";"Евдокия";"8";"62368071";"2015";"август";
"788";"788";"Лада";"8";"62368072";"2015";"август";
"789";"789";"Мариам";"8";"62368073";"2015";"август";
"790";"790";"Марта";"8";"62368074";"2015";"август";
"791";"791";"Мира";"8";"62368075";"2015";"август";
"792";"792";"Наталья";"8";"62368076";"2015";"август";
"793";"793";"Пелагея";"8";"62368077";"2015";"август";
"794";"794";"Раяна";"8";"62368078";"2015";"август";
"795";"795";"Тамара";"8";"62368079";"2015";"август";
"796";"796";"Аглая";"7";"62368080";"2015";"август";
"797";"797";"Лидия";"7";"62368081";"2015";"август";
"798";"798";"Лина";"7";"62368082";"2015";"август";
"799";"799";"Медина";"7";"62368083";"2015";"август";
"800";"800";"Мелания";"7";"62368084";"2015";"август";
"801";"801";"Мария";"305";"62368085";"2015";"сентябрь";
"802";"802";"София";"252";"62368086";"2015";"сентябрь";
"803";"803";"Анна";"244";"62368087";"2015";"сентябрь";
"804";"804";"Виктория";"223";"62368088";"2015";"сентябрь";
"805";"805";"Алиса";"189";"62368089";"2015";"сентябрь";
"806";"806";"Анастасия";"188";"62368090";"2015";"сентябрь";
"807";"807";"Полина";"184";"62368091";"2015";"сентябрь";
"808";"808";"Елизавета";"180";"62368092";"2015";"сентябрь";
"809";"809";"Дарья";"167";"62368093";"2015";"сентябрь";
"810";"810";"Ксения";"153";"62368094";"2015";"сентябрь";
"811";"811";"Арина";"146";"62368095";"2015";"сентябрь";
"812";"812";"Варвара";"140";"62368096";"2015";"сентябрь";
"813";"813";"Александра";"134";"62368097";"2015";"сентябрь";
"814";"814";"Екатерина";"130";"62368098";"2015";"сентябрь";
"815";"815";"Василиса";"126";"62368099";"2015";"сентябрь";
"816";"816";"Валерия";"114";"62368100";"2015";"сентябрь";
"817";"817";"Софья";"109";"62368101";"2015";"сентябрь";
"818";"818";"Вероника";"107";"62368102";"2015";"сентябрь";
"819";"819";"Милана";"103";"62368103";"2015";"сентябрь";
"820";"820";"Ева";"101";"62368104";"2015";"сентябрь";
"821";"821";"Вера";"85";"62368105";"2015";"сентябрь";
"822";"822";"Кристина";"73";"62368106";"2015";"сентябрь";
"823";"823";"Ульяна";"72";"62368108";"2015";"сентябрь";
"824";"824";"Кира";"70";"62368109";"2015";"сентябрь";
"825";"825";"Диана";"68";"62368110";"2015";"сентябрь";
"826";"826";"Алёна";"62";"62368111";"2015";"сентябрь";
"827";"827";"Маргарита";"62";"62368112";"2015";"сентябрь";
"828";"828";"Алина";"59";"62368113";"2015";"сентябрь";
"829";"829";"Мирослава";"46";"62368114";"2015";"сентябрь";
"830";"830";"Амина";"42";"62368115";"2015";"сентябрь";
"831";"831";"Таисия";"41";"62368117";"2015";"сентябрь";
"832";"832";"Юлия";"40";"62368118";"2015";"сентябрь";
"833";"833";"Ангелина";"39";"62368119";"2015";"сентябрь";
"834";"834";"Ольга";"39";"62368120";"2015";"сентябрь";
"835";"835";"Ирина";"34";"62368121";"2015";"сентябрь";
"836";"836";"Татьяна";"33";"62368122";"2015";"сентябрь";
"837";"837";"Яна";"33";"62368123";"2015";"сентябрь";
"838";"838";"Евгения";"32";"62368125";"2015";"сентябрь";
"839";"839";"Стефания";"29";"62368126";"2015";"сентябрь";
"840";"840";"Злата";"27";"62368127";"2015";"сентябрь";
"841";"841";"Сафия";"27";"62368128";"2015";"сентябрь";
"842";"842";"Марьям";"25";"62368129";"2015";"сентябрь";
"843";"843";"Любовь";"24";"62368130";"2015";"сентябрь";
"844";"844";"Милена";"24";"62368131";"2015";"сентябрь";
"845";"845";"Елена";"23";"62368133";"2015";"сентябрь";
"846";"846";"Эмилия";"23";"62368134";"2015";"сентябрь";
"847";"847";"Лидия";"22";"62368135";"2015";"сентябрь";
"848";"848";"Ярослава";"22";"62368136";"2015";"сентябрь";
"849";"849";"Марина";"20";"62368137";"2015";"сентябрь";
"850";"850";"Элина";"18";"62368138";"2015";"сентябрь";
"851";"851";"Надежда";"17";"62368139";"2015";"сентябрь";
"852";"852";"Амелия";"15";"62368141";"2015";"сентябрь";
"853";"853";"Агата";"15";"62368142";"2015";"сентябрь";
"854";"854";"Есения";"15";"62368143";"2015";"сентябрь";
"855";"855";"Майя";"15";"62368144";"2015";"сентябрь";
"856";"856";"Анфиса";"14";"62368145";"2015";"сентябрь";
"857";"857";"Дарина";"14";"62368146";"2015";"сентябрь";
"858";"858";"Олеся";"14";"62368147";"2015";"сентябрь";
"859";"859";"Светлана";"14";"62368148";"2015";"сентябрь";
"860";"860";"Фатима";"14";"62368149";"2015";"сентябрь";
"861";"861";"Ясмина";"14";"62368150";"2015";"сентябрь";
"862";"862";"Агния";"13";"62368151";"2015";"сентябрь";
"863";"863";"Каролина";"13";"62368152";"2015";"сентябрь";
"864";"864";"Наталья";"13";"62368153";"2015";"сентябрь";
"865";"865";"Аделина";"12";"62368154";"2015";"сентябрь";
"866";"866";"Лилия";"12";"62368155";"2015";"сентябрь";
"867";"867";"Мила";"12";"62368156";"2015";"сентябрь";
"868";"868";"Ника";"12";"62368157";"2015";"сентябрь";
"869";"869";"Нина";"12";"62368158";"2015";"сентябрь";
"870";"870";"Аиша";"11";"62368159";"2015";"сентябрь";
"871";"871";"Амира";"11";"62368160";"2015";"сентябрь";
"872";"872";"Ариана";"11";"62368161";"2015";"сентябрь";
"873";"873";"Виолетта";"11";"62368162";"2015";"сентябрь";
"874";"874";"Евдокия";"11";"62368163";"2015";"сентябрь";
"875";"875";"Камила";"11";"62368164";"2015";"сентябрь";
"876";"876";"Карина";"11";"62368165";"2015";"сентябрь";
"877";"877";"Мадина";"11";"62368166";"2015";"сентябрь";
"878";"878";"Николь";"11";"62368167";"2015";"сентябрь";
"879";"879";"Сабина";"11";"62368168";"2015";"сентябрь";
"880";"880";"Антонина";"10";"62368169";"2015";"сентябрь";
"881";"881";"Зоя";"10";"62368170";"2015";"сентябрь";
"882";"882";"Эмма";"10";"62368171";"2015";"сентябрь";
"883";"883";"Камилла";"9";"62368172";"2015";"сентябрь";
"884";"884";"Марта";"9";"62368173";"2015";"сентябрь";
"885";"885";"Серафима";"9";"62368174";"2015";"сентябрь";
"886";"886";"Алия";"8";"62368175";"2015";"сентябрь";
"887";"887";"Евангелина";"8";"62368176";"2015";"сентябрь";
"888";"888";"Марфа";"8";"62368177";"2015";"сентябрь";
"889";"889";"Марьяна";"8";"62368178";"2015";"сентябрь";
"890";"890";"Моника";"8";"62368179";"2015";"сентябрь";
"891";"891";"Оливия";"8";"62368180";"2015";"сентябрь";
"892";"892";"Самира";"8";"62368181";"2015";"сентябрь";
"893";"893";"Сумая";"8";"62368182";"2015";"сентябрь";
"894";"894";"Айлин";"7";"62368183";"2015";"сентябрь";
"895";"895";"Алеся";"7";"62368184";"2015";"сентябрь";
"896";"896";"Владислава";"7";"62368185";"2015";"сентябрь";
"897";"897";"Хадиджа";"7";"62368186";"2015";"сентябрь";
"898";"898";"Эвелина";"7";"62368187";"2015";"сентябрь";
"899";"899";"Анжелика";"6";"62368188";"2015";"сентябрь";
"900";"900";"Валентина";"6";"62368189";"2015";"сентябрь";
"901";"901";"Мария";"291";"62368190";"2015";"октябрь";
"902";"902";"София";"279";"62368191";"2015";"октябрь";
"903";"903";"Анна";"246";"62368192";"2015";"октябрь";
"904";"904";"Елизавета";"207";"62368193";"2015";"октябрь";
"905";"905";"Анастасия";"206";"62368194";"2015";"октябрь";
"906";"906";"Виктория";"196";"62368195";"2015";"октябрь";
"907";"907";"Полина";"193";"62368196";"2015";"октябрь";
"908";"908";"Дарья";"184";"62368197";"2015";"октябрь";
"909";"909";"Александра";"182";"62368198";"2015";"октябрь";
"910";"910";"Алиса";"178";"62368200";"2015";"октябрь";
"911";"911";"Софья";"158";"62368201";"2015";"октябрь";
"912";"912";"Варвара";"150";"62368202";"2015";"октябрь";
"913";"913";"Екатерина";"150";"62368203";"2015";"октябрь";
"914";"914";"Вероника";"140";"62368204";"2015";"октябрь";
"915";"915";"Арина";"135";"62368206";"2015";"октябрь";
"916";"916";"Василиса";"125";"62368207";"2015";"октябрь";
"917";"917";"Валерия";"122";"62368208";"2015";"октябрь";
"918";"918";"Ксения";"115";"62368209";"2015";"октябрь";
"919";"919";"Вера";"95";"62368210";"2015";"октябрь";
"920";"920";"Милана";"95";"62368211";"2015";"октябрь";
"921";"921";"Ева";"94";"62368212";"2015";"октябрь";
"922";"922";"Таисия";"79";"62368213";"2015";"октябрь";
"923";"923";"Кира";"75";"62368214";"2015";"октябрь";
"924";"924";"Ульяна";"70";"62368216";"2015";"октябрь";
"925";"925";"Маргарита";"67";"62368217";"2015";"октябрь";
"926";"926";"Ольга";"57";"62368218";"2015";"октябрь";
"927";"927";"Алина";"51";"62368219";"2015";"октябрь";
"928";"928";"Кристина";"51";"62368220";"2015";"октябрь";
"929";"929";"Алёна";"49";"62368221";"2015";"октябрь";
"930";"930";"Диана";"48";"62368222";"2015";"октябрь";
"931";"931";"Юлия";"45";"62368223";"2015";"октябрь";
"932";"932";"Татьяна";"40";"62368224";"2015";"октябрь";
"933";"933";"Амина";"39";"62368225";"2015";"октябрь";
"934";"934";"Злата";"39";"62368226";"2015";"октябрь";
"935";"935";"Мирослава";"38";"62368227";"2015";"октябрь";
"936";"936";"Евгения";"37";"62368228";"2015";"октябрь";
"937";"937";"Надежда";"34";"62368229";"2015";"октябрь";
"938";"938";"Эмилия";"30";"62368230";"2015";"октябрь";
"939";"939";"Елена";"28";"62368231";"2015";"октябрь";
"940";"940";"Стефания";"28";"62368232";"2015";"октябрь";
"941";"941";"Аделина";"27";"62368233";"2015";"октябрь";
"942";"942";"Есения";"27";"62368234";"2015";"октябрь";
"943";"943";"Ирина";"26";"62368235";"2015";"октябрь";
"944";"944";"Яна";"25";"62368236";"2015";"октябрь";
"945";"945";"Ангелина";"23";"62368237";"2015";"октябрь";
"946";"946";"Майя";"23";"62368238";"2015";"октябрь";
"947";"947";"Сафия";"23";"62368239";"2015";"октябрь";
"948";"948";"Элина";"23";"62368240";"2015";"октябрь";
"949";"949";"Ярослава";"22";"62368241";"2015";"октябрь";
"950";"950";"Марьям";"21";"62368242";"2015";"октябрь";
"951";"951";"Светлана";"21";"62368243";"2015";"октябрь";
"952";"952";"Марина";"20";"62368244";"2015";"октябрь";
"953";"953";"Николь";"20";"62368245";"2015";"октябрь";
"954";"954";"Милена";"19";"62368246";"2015";"октябрь";
"955";"955";"Дарина";"18";"62368247";"2015";"октябрь";
"956";"956";"Агата";"17";"62368248";"2015";"октябрь";
"957";"957";"Любовь";"17";"62368249";"2015";"октябрь";
"958";"958";"Оливия";"17";"62368250";"2015";"октябрь";
"959";"959";"Ясмина";"17";"62368251";"2015";"октябрь";
"960";"960";"Лилия";"16";"62368252";"2015";"октябрь";
"961";"961";"Наталья";"16";"62368254";"2015";"октябрь";
"962";"962";"Олеся";"16";"62368255";"2015";"октябрь";
"963";"963";"Лидия";"15";"62368256";"2015";"октябрь";
"964";"964";"Малика";"15";"62368257";"2015";"октябрь";
"965";"965";"Мила";"15";"62368258";"2015";"октябрь";
"966";"966";"Алисия";"14";"62368259";"2015";"октябрь";
"967";"967";"Антонина";"14";"62368260";"2015";"октябрь";
"968";"968";"Карина";"14";"62368261";"2015";"октябрь";
"969";"969";"Нина";"14";"62368262";"2015";"октябрь";
"970";"970";"Пелагея";"14";"62368263";"2015";"октябрь";
"971";"971";"Владислава";"13";"62368264";"2015";"октябрь";
"972";"972";"Камила";"13";"62368265";"2015";"октябрь";
"973";"973";"Самира";"13";"62368266";"2015";"октябрь";
"974";"974";"Фатима";"13";"62368267";"2015";"октябрь";
"975";"975";"Марьяна";"12";"62368268";"2015";"октябрь";
"976";"976";"Ника";"12";"62368269";"2015";"октябрь";
"977";"977";"Агния";"11";"62368270";"2015";"октябрь";
"978";"978";"Евдокия";"11";"62368271";"2015";"октябрь";
"979";"979";"Марта";"11";"62368272";"2015";"октябрь";
"980";"980";"Тамара";"11";"62368273";"2015";"октябрь";
"981";"981";"Аглая";"10";"62368274";"2015";"октябрь";
"982";"982";"Ариана";"10";"62368275";"2015";"октябрь";
"983";"983";"Камилла";"10";"62368276";"2015";"октябрь";
"984";"984";"Мадина";"10";"62368277";"2015";"октябрь";
"985";"985";"Мия";"10";"62368278";"2015";"октябрь";
"986";"986";"Серафима";"10";"62368279";"2015";"октябрь";
"987";"987";"Эвелина";"10";"62368280";"2015";"октябрь";
"988";"988";"Евангелина";"9";"62368281";"2015";"октябрь";
"989";"989";"Амелия";"8";"62368283";"2015";"октябрь";
"990";"990";"Альбина";"8";"62368284";"2015";"октябрь";
"991";"991";"Аврора";"8";"62368285";"2015";"октябрь";
"992";"992";"Алия";"8";"62368286";"2015";"октябрь";
"993";"993";"Анфиса";"8";"62368288";"2015";"октябрь";
"994";"994";"Виолетта";"8";"62368289";"2015";"октябрь";
"995";"995";"Зоя";"8";"62368290";"2015";"октябрь";
"996";"996";"Лейла";"8";"62368291";"2015";"октябрь";
"997";"997";"Станислава";"8";"62368292";"2015";"октябрь";
"998";"998";"Алеся";"7";"62368293";"2015";"октябрь";
"999";"999";"Амалия";"7";"62368294";"2015";"октябрь";
"1000";"1000";"Анисия";"7";"62368295";"2015";"октябрь";
"1001";"1001";"Мария";"241";"62368297";"2015";"ноябрь";
"1002";"1002";"Анна";"229";"62368298";"2015";"ноябрь";
"1003";"1003";"Анастасия";"215";"62368299";"2015";"ноябрь";
"1004";"1004";"Елизавета";"214";"62368300";"2015";"ноябрь";
"1005";"1005";"София";"211";"62368301";"2015";"ноябрь";
"1006";"1006";"Виктория";"206";"62368302";"2015";"ноябрь";
"1007";"1007";"Полина";"187";"62368303";"2015";"ноябрь";
"1008";"1008";"Алиса";"171";"62368304";"2015";"ноябрь";
"1009";"1009";"Дарья";"160";"62368305";"2015";"ноябрь";
"1010";"1010";"Екатерина";"160";"62368306";"2015";"ноябрь";
"1011";"1011";"Александра";"146";"62368307";"2015";"ноябрь";
"1012";"1012";"Варвара";"140";"62368308";"2015";"ноябрь";
"1013";"1013";"Арина";"133";"62368309";"2015";"ноябрь";
"1014";"1014";"Ева";"111";"62368310";"2015";"ноябрь";
"1015";"1015";"Вероника";"107";"62368311";"2015";"ноябрь";
"1016";"1016";"Валерия";"103";"62368312";"2015";"ноябрь";
"1017";"1017";"Василиса";"102";"62368313";"2015";"ноябрь";
"1018";"1018";"Ксения";"101";"62368314";"2015";"ноябрь";
"1019";"1019";"Софья";"96";"62368315";"2015";"ноябрь";
"1020";"1020";"Милана";"86";"62368316";"2015";"ноябрь";
"1021";"1021";"Ульяна";"76";"62368317";"2015";"ноябрь";
"1022";"1022";"Таисия";"68";"62368318";"2015";"ноябрь";
"1023";"1023";"Кира";"64";"62368319";"2015";"ноябрь";
"1024";"1024";"Вера";"63";"62368320";"2015";"ноябрь";
"1025";"1025";"Маргарита";"61";"62368321";"2015";"ноябрь";
"1026";"1026";"Алёна";"53";"62368322";"2015";"ноябрь";
"1027";"1027";"Алина";"52";"62368323";"2015";"ноябрь";
"1028";"1028";"Кристина";"46";"62368324";"2015";"ноябрь";
"1029";"1029";"Злата";"45";"62368325";"2015";"ноябрь";
"1030";"1030";"Ольга";"44";"62368326";"2015";"ноябрь";
"1031";"1031";"Мирослава";"42";"62368327";"2015";"ноябрь";
"1032";"1032";"Амина";"40";"62368328";"2015";"ноябрь";
"1033";"1033";"Диана";"39";"62368329";"2015";"ноябрь";
"1034";"1034";"Ирина";"32";"62368330";"2015";"ноябрь";
"1035";"1035";"Юлия";"32";"62368331";"2015";"ноябрь";
"1036";"1036";"Стефания";"31";"62368332";"2015";"ноябрь";
"1037";"1037";"Марина";"27";"62368333";"2015";"ноябрь";
"1038";"1038";"Татьяна";"27";"62368334";"2015";"ноябрь";
"1039";"1039";"Ярослава";"25";"62368335";"2015";"ноябрь";
"1040";"1040";"Елена";"24";"62368336";"2015";"ноябрь";
"1041";"1041";"Евгения";"22";"62368337";"2015";"ноябрь";
"1042";"1042";"Марьям";"22";"62368338";"2015";"ноябрь";
"1043";"1043";"Надежда";"22";"62368339";"2015";"ноябрь";
"1044";"1044";"Элина";"22";"62368340";"2015";"ноябрь";
"1045";"1045";"Есения";"21";"62368341";"2015";"ноябрь";
"1046";"1046";"Ангелина";"20";"62368343";"2015";"ноябрь";
"1047";"1047";"Агата";"19";"62368344";"2015";"ноябрь";
"1048";"1048";"Нина";"19";"62368345";"2015";"ноябрь";
"1049";"1049";"Сафия";"19";"62368346";"2015";"ноябрь";
"1050";"1050";"Светлана";"19";"62368347";"2015";"ноябрь";
"1051";"1051";"Аделина";"18";"62368349";"2015";"ноябрь";
"1052";"1052";"Николь";"18";"62368350";"2015";"ноябрь";
"1053";"1053";"Эмилия";"17";"62368351";"2015";"ноябрь";
"1054";"1054";"Яна";"16";"62368352";"2015";"ноябрь";
"1055";"1055";"Агния";"15";"62368354";"2015";"ноябрь";
"1056";"1056";"Карина";"15";"62368355";"2015";"ноябрь";
"1057";"1057";"Ника";"15";"62368356";"2015";"ноябрь";
"1058";"1058";"Лилия";"14";"62368357";"2015";"ноябрь";
"1059";"1059";"Амира";"13";"62368359";"2015";"ноябрь";
"1060";"1060";"Лидия";"13";"62368360";"2015";"ноябрь";
"1061";"1061";"Любовь";"13";"62368361";"2015";"ноябрь";
"1062";"1062";"Майя";"13";"62368362";"2015";"ноябрь";
"1063";"1063";"Милена";"13";"62368363";"2015";"ноябрь";
"1064";"1064";"Ясмина";"13";"62368364";"2015";"ноябрь";
"1065";"1065";"Амелия";"12";"62368365";"2015";"ноябрь";
"1066";"1066";"Антонина";"12";"62368366";"2015";"ноябрь";
"1067";"1067";"Зоя";"11";"62368367";"2015";"ноябрь";
"1068";"1068";"Мадина";"11";"62368368";"2015";"ноябрь";
"1069";"1069";"Малика";"11";"62368369";"2015";"ноябрь";
"1070";"1070";"Оливия";"11";"62368370";"2015";"ноябрь";
"1071";"1071";"Фатима";"11";"62368371";"2015";"ноябрь";
"1072";"1072";"Ариана";"10";"62368372";"2015";"ноябрь";
"1073";"1073";"Алия";"10";"62368373";"2015";"ноябрь";
"1074";"1074";"Дарина";"10";"62368374";"2015";"ноябрь";
"1075";"1075";"Олеся";"10";"62368375";"2015";"ноябрь";
"1076";"1076";"Валентина";"9";"62368376";"2015";"ноябрь";
"1077";"1077";"Камилла";"9";"62368377";"2015";"ноябрь";
"1078";"1078";"Наталья";"9";"62368378";"2015";"ноябрь";
"1079";"1079";"Амалия";"8";"62368379";"2015";"ноябрь";
"1080";"1080";"Виолетта";"8";"62368381";"2015";"ноябрь";
"1081";"1081";"Евдокия";"8";"62368382";"2015";"ноябрь";
"1082";"1082";"Мира";"8";"62368383";"2015";"ноябрь";
"1083";"1083";"Пелагея";"8";"62368384";"2015";"ноябрь";
"1084";"1084";"Сабина";"8";"62368385";"2015";"ноябрь";
"1085";"1085";"Тамара";"8";"62368386";"2015";"ноябрь";
"1086";"1086";"Анфиса";"7";"62368387";"2015";"ноябрь";
"1087";"1087";"Аиша";"7";"62368388";"2015";"ноябрь";
"1088";"1088";"Дана";"7";"62368389";"2015";"ноябрь";
"1089";"1089";"Лейла";"7";"62368390";"2015";"ноябрь";
"1090";"1090";"Луиза";"7";"62368391";"2015";"ноябрь";
"1091";"1091";"Марианна";"7";"62368392";"2015";"ноябрь";
"1092";"1092";"Мия";"7";"62368393";"2015";"ноябрь";
"1093";"1093";"Нелли";"7";"62368394";"2015";"ноябрь";
"1094";"1094";"Самира";"7";"62368395";"2015";"ноябрь";
"1095";"1095";"Айлин";"6";"62368396";"2015";"ноябрь";
"1096";"1096";"Алсу";"6";"62368397";"2015";"ноябрь";
"1097";"1097";"Алеся";"6";"62368398";"2015";"ноябрь";
"1098";"1098";"Жасмин";"6";"62368399";"2015";"ноябрь";
"1099";"1099";"Лиана";"6";"62368400";"2015";"ноябрь";
"1100";"1100";"Мила";"6";"62368401";"2015";"ноябрь";
"1101";"";"Мария
";"257";"64210905";"2015";"декабрь";
"1102";"";"Анна
";"237";"64212052";"2015";"декабрь";
"1103";"";"София
";"222";"64212087";"2015";"декабрь";
"1104";"";"Виктория
";"218";"64212108";"2015";"декабрь";
"1105";"";"Анастасия
";"209";"64212560";"2015";"декабрь";
"1106";"";"Варвара
";"209";"64212589";"2015";"декабрь";
"1107";"";"Екатерина
";"199";"64212663";"2015";"декабрь";
"1108";"";"Елизавета
";"191";"64212691";"2015";"декабрь";
"1109";"";"Полина
";"190";"64213389";"2015";"декабрь";
"1110";"";"Александра
";"174";"64213425";"2015";"декабрь";
"1111";"";"Алиса
";"171";"64213620";"2015";"декабрь";
"1112";"";"Дарья
";"160";"64213652";"2015";"декабрь";
"1113";"";"Ксения
";"124";"64213706";"2015";"декабрь";
"1114";"";"Софья
";"124";"64213749";"2015";"декабрь";
"1115";"";"Валерия
";"123";"64213815";"2015";"декабрь";
"1116";"";"Вероника
";"114";"64213852";"2015";"декабрь";
"1117";"";"Арина
";"113";"64214324";"2015";"декабрь";
"1118";"";"Ева
";"111";"64214495";"2015";"декабрь";
"1119";"";"Василиса
";"102";"64214516";"2015";"декабрь";
"1120";"";"Милана
";"100";"64214628";"2015";"декабрь";
"1121";"";"Ульяна
";"96";"64214677";"2015";"декабрь";
"1122";"";"Кира
";"84";"64214692";"2015";"декабрь";
"1123";"";"Вера
";"73";"64214776";"2015";"декабрь";
"1124";"";"Маргарита
";"65";"64214831";"2015";"декабрь";
"1125";"";"Кристина
";"56";"64214975";"2015";"декабрь";
"1126";"";"Таисия
";"54";"64215297";"2015";"декабрь";
"1127";"";"Алёна
";"52";"64215312";"2015";"декабрь";
"1128";"";"Ольга
";"50";"64215337";"2015";"декабрь";
"1129";"";"Алина
";"48";"64215363";"2015";"декабрь";
"1130";"";"Ангелина
";"46";"64215370";"2015";"декабрь";
"1131";"";"Амина
";"45";"64215387";"2015";"декабрь";
"1132";"";"Яна
";"39";"64215408";"2015";"декабрь";
"1133";"";"Диана
";"37";"64215424";"2015";"декабрь";
"1134";"";"Мирослава
";"37";"64215433";"2015";"декабрь";
"1135";"";"Стефания
";"36";"64215453";"2015";"декабрь";
"1136";"";"Юлия
";"36";"64215469";"2015";"декабрь";
"1137";"";"Татьяна
";"32";"64218237";"2015";"декабрь";
"1138";"";"Есения
";"31";"64218249";"2015";"декабрь";
"1139";"";"Злата
";"31";"64218265";"2015";"декабрь";
"1140";"";"Эмилия
";"30";"64218280";"2015";"декабрь";
"1141";"";"Аделина
";"27";"64218301";"2015";"декабрь";
"1142";"";"Элина
";"27";"64218327";"2015";"декабрь";
"1143";"";"Марьям
";"26";"64218358";"2015";"декабрь";
"1144";"";"Ярослава
";"26";"64218378";"2015";"декабрь";
"1145";"";"Евгения
";"25";"64218400";"2015";"декабрь";
"1146";"";"Николь
";"25";"64218427";"2015";"декабрь";
"1147";"";"Марина
";"24";"64218467";"2015";"декабрь";
"1148";"";"Ника
";"24";"64218555";"2015";"декабрь";
"1149";"";"Милена
";"20";"64218574";"2015";"декабрь";
"1150";"";"Надежда
";"20";"64218595";"2015";"декабрь";
"1151";"";"Майя
";"19";"64218604";"2015";"декабрь";
"1152";"";"Агата
";"18";"64218622";"2015";"декабрь";
"1153";"";"Дарина
";"18";"64218641";"2015";"декабрь";
"1154";"";"Сафия
";"18";"64218655";"2015";"декабрь";
"1155";"";"Елена
";"17";"64218665";"2015";"декабрь";
"1156";"";"Ясмина
";"17";"64218681";"2015";"декабрь";
"1157";"";"Ирина
";"16";"64218701";"2015";"декабрь";
"1158";"";"Олеся
";"16";"64218727";"2015";"декабрь";
"1159";"";"Светлана
";"16";"64218750";"2015";"декабрь";
"1160";"";"Серафима
";"16";"64218762";"2015";"декабрь";
"1161";"";"Карина
";"15";"64218781";"2015";"декабрь";
"1162";"";"Любовь
";"15";"64218802";"2015";"декабрь";
"1163";"";"Оливия
";"14";"64218811";"2015";"декабрь";
"1164";"";"Лилия
";"13";"64218824";"2015";"декабрь";
"1165";"";"Нина
";"13";"64218839";"2015";"декабрь";
"1166";"";"Амелия
";"12";"64218860";"2015";"декабрь";
"1167";"";"Антонина
";"12";"64218879";"2015";"декабрь";
"1168";"";"Малика
";"12";"64218898";"2015";"декабрь";
"1169";"";"Марта
";"12";"64218924";"2015";"декабрь";
"1170";"";"Марьяна
";"12";"64218932";"2015";"декабрь";
"1171";"";"Мила
";"12";"64218952";"2015";"декабрь";
"1172";"";"Амира
";"11";"64218976";"2015";"декабрь";
"1173";"";"Агния
";"11";"64218989";"2015";"декабрь";
"1174";"";"Ариана
";"11";"64219005";"2015";"декабрь";
"1175";"";"Валентина
";"11";"64219021";"2015";"декабрь";
"1176";"";"Василина
";"10";"64219092";"2015";"декабрь";
"1177";"";"Камила
";"10";"64219110";"2015";"декабрь";
"1178";"";"Каролина
";"10";"64219123";"2015";"декабрь";
"1179";"";"Лидия
";"10";"64219143";"2015";"декабрь";
"1180";"";"Эвелина
";"10";"64219155";"2015";"декабрь";
"1181";"";"Алия
";"9";"64219184";"2015";"декабрь";
"1182";"";"Адель
";"9";"64219195";"2015";"декабрь";
"1183";"";"Владислава
";"9";"64219216";"2015";"декабрь";
"1184";"";"Зоя
";"9";"64219238";"2015";"декабрь";
"1185";"";"Камилла
";"9";"64219254";"2015";"декабрь";
"1186";"";"Людмила
";"9";"64219264";"2015";"декабрь";
"1187";"";"Наталья
";"9";"64219401";"2015";"декабрь";
"1188";"";"Самира
";"9";"64219411";"2015";"декабрь";
"1189";"";"Фатима
";"9";"64219425";"2015";"декабрь";
"1190";"";"Аиша
";"8";"64219441";"2015";"декабрь";
"1191";"";"Виолетта
";"8";"64219457";"2015";"декабрь";
"1192";"";"Милослава
";"8";"64219498";"2015";"декабрь";
"1193";"";"Нелли
";"8";"64219516";"2015";"декабрь";
"1194";"";"Сабина
";"8";"64219527";"2015";"декабрь";
"1195";"";"Анисия
";"7";"64219540";"2015";"декабрь";
"1196";"";"Аниса
";"7";"64219561";"2015";"декабрь";
"1197";"";"Аглая
";"7";"64219577";"2015";"декабрь";
"1198";"";"Алсу
";"7";"64219589";"2015";"декабрь";
"1199";"";"Мадина
";"7";"64219601";"2015";"декабрь";
"1200";"";"Марианна
";"7";"64219617";"2015";"декабрь";
"1201";"";"Мария
";"248";"64513388";"2016";"январь";
"1202";"";"София
";"210";"64513391";"2016";"январь";
"1203";"";"Анастасия
";"201";"64513392";"2016";"январь";
"1204";"";"Полина
";"188";"64513393";"2016";"январь";
"1205";"";"Варвара
";"166";"64513398";"2016";"январь";
"1206";"";"Алиса
";"165";"64522518";"2016";"январь";
"1207";"";"Анна
";"163";"64522602";"2016";"январь";
"1208";"";"Александра
";"161";"64522658";"2016";"январь";
"1209";"";"Виктория
";"158";"64522708";"2016";"январь";
"1210";"";"Ксения
";"156";"64522755";"2016";"январь";
"1211";"";"Елизавета
";"148";"64522812";"2016";"январь";
"1212";"";"Дарья
";"141";"64523348";"2016";"январь";
"1213";"";"Екатерина
";"136";"64533469";"2016";"январь";
"1214";"";"Арина
";"135";"64534070";"2016";"январь";
"1215";"";"Софья
";"121";"64534071";"2016";"январь";
"1216";"";"Василиса
";"112";"64534072";"2016";"январь";
"1217";"";"Милана
";"99";"64534073";"2016";"январь";
"1218";"";"Вероника
";"87";"64534074";"2016";"январь";
"1219";"";"Валерия
";"84";"64534075";"2016";"январь";
"1220";"";"Ева
";"78";"64534076";"2016";"январь";
"1221";"";"Ульяна
";"74";"64534077";"2016";"январь";
"1222";"";"Кира
";"71";"64534078";"2016";"январь";
"1223";"";"Вера
";"61";"64534079";"2016";"январь";
"1224";"";"Татьяна
";"53";"64534080";"2016";"январь";
"1225";"";"Таисия
";"52";"64534081";"2016";"январь";
"1226";"";"Маргарита
";"51";"64534082";"2016";"январь";
"1227";"";"Алёна
";"47";"64534083";"2016";"январь";
"1228";"";"Юлия
";"46";"64534084";"2016";"январь";
"1229";"";"Кристина
";"45";"64534485";"2016";"январь";
"1230";"";"Алина
";"42";"64534886";"2016";"январь";
"1231";"";"Диана
";"42";"64534887";"2016";"январь";
"1232";"";"Амина
";"37";"64534888";"2016";"январь";
"1233";"";"Мирослава
";"37";"64534889";"2016";"январь";
"1234";"";"Ольга
";"37";"64535458";"2016";"январь";
"1235";"";"Ангелина
";"35";"64535500";"2016";"январь";
"1236";"";"Евгения
";"30";"64535815";"2016";"январь";
"1237";"";"Стефания
";"27";"64535857";"2016";"январь";
"1238";"";"Яна
";"26";"64535901";"2016";"январь";
"1239";"";"Есения
";"25";"64535972";"2016";"январь";
"1240";"";"Злата
";"25";"64536013";"2016";"январь";
"1241";"";"Елена
";"24";"64536060";"2016";"январь";
"1242";"";"Ирина
";"23";"64536100";"2016";"январь";
"1243";"";"Аделина
";"22";"64536148";"2016";"январь";
"1244";"";"Агата
";"21";"64536656";"2016";"январь";
"1245";"";"Эмилия
";"20";"64536734";"2016";"январь";
"1246";"";"Николь
";"19";"64536780";"2016";"январь";
"1247";"";"Элина
";"19";"64536869";"2016";"январь";
"1248";"";"Майя
";"18";"64536910";"2016";"январь";
"1249";"";"Надежда
";"18";"64537053";"2016";"январь";
"1250";"";"Марина
";"17";"64537099";"2016";"январь";
"1251";"";"Сафия
";"17";"64537109";"2016";"январь";
"1252";"";"Дарина
";"16";"64537111";"2016";"январь";
"1253";"";"Ярослава
";"16";"64537162";"2016";"январь";
"1254";"";"Агния
";"15";"64540926";"2016";"январь";
"1255";"";"Нина
";"15";"64540927";"2016";"январь";
"1256";"";"Айлин
";"14";"64540928";"2016";"январь";
"1257";"";"Зоя
";"14";"64540929";"2016";"январь";
"1258";"";"Серафима
";"14";"64540930";"2016";"январь";
"1259";"";"Ясмина
";"14";"64540931";"2016";"январь";
"1260";"";"Лидия
";"13";"64540932";"2016";"январь";
"1261";"";"Аиша
";"12";"64540933";"2016";"январь";
"1262";"";"Лилия
";"12";"64540934";"2016";"январь";
"1263";"";"Марианна
";"12";"64540961";"2016";"январь";
"1264";"";"Милена
";"12";"64541542";"2016";"январь";
"1265";"";"Ника
";"12";"64541543";"2016";"январь";
"1266";"";"Раяна
";"12";"64541544";"2016";"январь";
"1267";"";"Светлана
";"12";"64541545";"2016";"январь";
"1268";"";"Антонина
";"11";"64541546";"2016";"январь";
"1269";"";"Камилла
";"11";"64541547";"2016";"январь";
"1270";"";"Сабина
";"11";"64541548";"2016";"январь";
"1271";"";"Самира
";"11";"64541549";"2016";"январь";
"1272";"";"Аглая
";"10";"64541550";"2016";"январь";
"1273";"";"Ариана
";"10";"64541551";"2016";"январь";
"1274";"";"Наталья
";"10";"64541552";"2016";"январь";
"1275";"";"Оливия
";"10";"64541553";"2016";"январь";
"1276";"";"Алия
";"9";"64541554";"2016";"январь";
"1277";"";"Алисия
";"9";"64541555";"2016";"январь";
"1278";"";"Аниса
";"9";"64541556";"2016";"январь";
"1279";"";"Виолетта
";"9";"64541557";"2016";"январь";
"1280";"";"Камила
";"9";"64541558";"2016";"январь";
"1281";"";"Лейла
";"9";"64541767";"2016";"январь";
"1282";"";"Любовь
";"9";"64541823";"2016";"январь";
"1283";"";"Малика
";"9";"64542291";"2016";"январь";
"1284";"";"Марьям
";"9";"64542331";"2016";"январь";
"1285";"";"Тамара
";"9";"64542368";"2016";"январь";
"1286";"";"Альбина
";"8";"64542409";"2016";"январь";
"1287";"";"Евдокия
";"8";"64542457";"2016";"январь";
"1288";"";"Мила
";"8";"64542505";"2016";"январь";
"1289";"";"Амалия
";"7";"64542546";"2016";"январь";
"1290";"";"Анфиса
";"7";"64542588";"2016";"январь";
"1291";"";"Асия
";"7";"64542626";"2016";"январь";
"1292";"";"Карина
";"7";"64542689";"2016";"январь";
"1293";"";"Олеся
";"7";"64542737";"2016";"январь";
"1294";"";"Фатима
";"7";"64542772";"2016";"январь";
"1295";"";"Анисия
";"6";"64542773";"2016";"январь";
"1296";"";"Аяна
";"6";"64542774";"2016";"январь";
"1297";"";"Жасмина
";"6";"64542775";"2016";"январь";
"1298";"";"Каролина
";"6";"64542776";"2016";"январь";
"1299";"";"Лиана
";"6";"64542777";"2016";"январь";
"1300";"";"Мадина
";"6";"64542778";"2016";"январь";
"1301";"";"Мария
";"284";"140203075";"2016";"февраль";
"1302";"";"Анна
";"242";"140203246";"2016";"февраль";
"1303";"";"София
";"224";"140203380";"2016";"февраль";
"1304";"";"Анастасия
";"202";"140203556";"2016";"февраль";
"1305";"";"Полина
";"199";"140203688";"2016";"февраль";
"1306";"";"Виктория
";"187";"140203817";"2016";"февраль";
"1307";"";"Ксения
";"180";"140204039";"2016";"февраль";
"1308";"";"Елизавета
";"163";"140204194";"2016";"февраль";
"1309";"";"Алиса
";"160";"140204359";"2016";"февраль";
"1310";"";"Александра
";"157";"140204535";"2016";"февраль";
"1401";"";"Мария";"242";"168308377";"2016";"март";
"1402";"";"София";"237";"168308379";"2016";"март";
"1403";"";"Виктория";"234";"168308381";"2016";"март";
"1404";"";"Анастасия";"227";"168308382";"2016";"март";
"1405";"";"Анна";"224";"168308384";"2016";"март";
"1406";"";"Полина";"201";"168308385";"2016";"март";
"1407";"";"Дарья";"195";"168308387";"2016";"март";
"1408";"";"Алиса";"193";"168308392";"2016";"март";
"1409";"";"Александра";"173";"168308396";"2016";"март";
"1410";"";"Варвара";"168";"168308399";"2016";"март";
"1411";"";"Екатерина";"168";"282201000";"2016";"март";
"1501";"";"Мария";"289";"169692381";"2016";"апрель";
"1502";"";"Анастасия";"216";"169692430";"2016";"апрель";
"1503";"";"София";"216";"169692483";"2016";"апрель";
"1504";"";"Дарья";"213";"169692564";"2016";"апрель";
"1505";"";"Анна";"204";"169692657";"2016";"апрель";
"1506";"";"Виктория";"194";"169692741";"2016";"апрель";
"1507";"";"Полина";"182";"169692744";"2016";"апрель";
"1508";"";"Елизавета";"175";"169693599";"2016";"апрель";
"1509";"";"Александра";"165";"169694168";"2016";"апрель";
"1510";"";"Алиса";"163";"169694208";"2016";"апрель";
"1601";"";"Виктория";"282";"170907820";"2016";"май";
"1602";"";"Мария";"257";"170907821";"2016";"май";
"1603";"";"София";"221";"170907822";"2016";"май";
"1604";"";"Анастасия";"218";"170907823";"2016";"май";
"1605";"";"Анна";"206";"170907824";"2016";"май";
"1606";"";"Елизавета";"198";"170907825";"2016";"май";
"1607";"";"Алиса";"192";"170907826";"2016";"май";
"1608";"";"Александра";"182";"170907827";"2016";"май";
"1609";"";"Полина";"174";"170907828";"2016";"май";
"1610";"";"Дарья";"172";"170907829";"2016";"май";
"1701";"";"Мария";"283";"171626649";"2016";"июнь";
"1702";"";"София";"252";"171626650";"2016";"июнь";
"1703";"";"Виктория";"239";"171626651";"2016";"июнь";
"1704";"";"Алиса";"236";"171626652";"2016";"июнь";
"1705";"";"Анна";"227";"171626653";"2016";"июнь";
"1706";"";"Анастасия";"227";"171626654";"2016";"июнь";
"1707";"";"Полина";"189";"171626655";"2016";"июнь";
"1708";"";"Александра";"184";"171626656";"2016";"июнь";
"1709";"";"Ксения";"178";"171626657";"2016";"июнь";
"1710";"";"Елизавета";"172";"171626658";"2016";"июнь";
"1801";"";"Мария";"266";"272397838";"2016";"июль";
"1802";"";"Анна";"242";"272397839";"2016";"июль";
"1803";"";"Виктория";"238";"272397842";"2016";"июль";
"1804";"";"Анастасия";"219";"272397843";"2016";"июль";
"1805";"";"София";"217";"272397844";"2016";"июль";
"1806";"";"Алиса";"203";"272397845";"2016";"июль";
"1807";"";"Александра";"199";"272397846";"2016";"июль";
"1808";"";"Полина";"193";"272397847";"2016";"июль";
"1809";"";"Дарья";"171";"272397848";"2016";"июль";
"1810";"";"Елизавета";"169";"272397849";"2016";"июль";
"1901";"";"Мария";"260";"273024750";"2016";"август";
"1902";"";"Анна";"256";"273024752";"2016";"август";
"1903";"";"София";"249";"273024755";"2016";"август";
"1904";"";"Анастасия";"222";"273024757";"2016";"август";
"1905";"";"Виктория";"219";"273024758";"2016";"август";
"1906";"";"Алиса";"203";"273025437";"2016";"август";
"1907";"";"Полина";"199";"273025438";"2016";"август";
"1908";"";"Дарья";"192";"273025439";"2016";"август";
"1909";"";"Александра";"185";"273025440";"2016";"август";
"1910";"";"Елизавета";"177";"273025441";"2016";"август";
"1911";"";"Мария";"303";"279024323";"2016";"сентябрь";
"1912";"";"София";"257";"279024341";"2016";"сентябрь";
"1913";"";"Виктория";"207";"279024356";"2016";"сентябрь";
"1914";"";"Анна";"198";"279024368";"2016";"сентябрь";
"1915";"";"Полина";"197";"279024380";"2016";"сентябрь";
"1916";"";"Елизавета";"189";"279024398";"2016";"сентябрь";
"1917";"";"Анастасия";"183";"279024411";"2016";"сентябрь";
"1918";"";"Алиса";"168";"279024595";"2016";"сентябрь";
"1919";"";"Арина";"158";"279024607";"2016";"сентябрь";
"1920";"";"Дарья";"153";"279024622";"2016";"сентябрь";
"2101";"";"София";"284";"281754950";"2016";"октябрь";
"2102";"";"Мария";"279";"281754951";"2016";"октябрь";
"2103";"";"Анна";"222";"281754952";"2016";"октябрь";
"2104";"";"Виктория";"188";"281754953";"2016";"октябрь";
"2105";"";"Полина";"188";"281754954";"2016";"октябрь";
"2106";"";"Анастасия";"185";"281754955";"2016";"октябрь";
"2107";"";"Алиса";"185";"281754956";"2016";"октябрь";
"2108";"";"Александра";"163";"281754957";"2016";"октябрь";
"2109";"";"Дарья";"152";"281754958";"2016";"октябрь";
"2110";"";"Екатерина";"152";"281754959";"2016";"октябрь";
"2201";"";"София, Софья";"317";"282261876";"2016";"ноябрь";
"2202";"";"Мария";"251";"282261881";"2016";"ноябрь";
"2203";"";"Анна";"236";"282261887";"2016";"ноябрь";
"2204";"";"Анастасия";"217";"282261893";"2016";"ноябрь";
"2205";"";"Виктория";"215";"282261899";"2016";"ноябрь";
"2206";"";"Полина";"214";"282261904";"2016";"ноябрь";
"2207";"";"Алиса";"197";"282261909";"2016";"ноябрь";
"2208";"";"Елизавета";"178";"282261915";"2016";"ноябрь";
"2209";"";"Варвара";"161";"282261923";"2016";"ноябрь";
"2210";"";"Александра";"152";"282261930";"2016";"ноябрь";
